INSERT INTO users (name, surname, email, number, birthday, password)
VALUES ('Marina', 'Alkova', 'admin@gmail.com', '+380661239900', '20.03.1994', 'lm7vuxj9PYktix+xnLhQarMqbSws3die'),
       ('Anastasia', 'Semenova', 'master@gmail.com', '+380971239050', '20.03.1994', 'lm7vuxj9PYktix+xnLhQarMqbSws3die'),
       ('Alina', 'Ivanova', 'client@gmail.com', '+380504561132', '20.03.1994', 'lm7vuxj9PYktix+xnLhQarMqbSws3die'),
       ('Galina', 'Shevchenko', 'random1@gmail.com', '+380970239050', '20.03.1994', 'lm7vuxj9PYktix+xnLhQarMqbSws3die'),
       ('Valentina', 'Glushko', 'random12@gmail.com', '+380972239050', '20.03.1994',
        'lm7vuxj9PYktix+xnLhQarMqbSws3die'),
       ('Tatiana', 'Dubina', 'random13@gmail.com', '+380971235050', '20.03.1994', 'lm7vuxj9PYktix+xnLhQarMqbSws3die'),
       ('Yana', 'Lobotenko', 'random14@gmail.com', '+380971238050', '20.03.1994', 'lm7vuxj9PYktix+xnLhQarMqbSws3die'),
       ('Yulia', 'Smith', 'random15@gmail.com', '+380971239060', '20.03.1994', 'lm7vuxj9PYktix+xnLhQarMqbSws3die'),
       ('Karina', 'Mogrunova', 'random111@gmail.com', '+380971239150', '20.03.1994',
        'lm7vuxj9PYktix+xnLhQarMqbSws3die'),
       ('Tatiana', 'Kosinska', 'random1s@gmail.com', '+380971239020', '20.03.1994', 'lm7vuxj9PYktix+xnLhQarMqbSws3die'),
       ('Yana', 'Demchenko', 'random1ad@gmail.com', '+380971239053', '20.03.1994', 'lm7vuxj9PYktix+xnLhQarMqbSws3die'),
       ('Anastasia', 'Shulgat', 'random1sdas@gmail.com', '+380971439050', '20.03.1994',
        'lm7vuxj9PYktix+xnLhQarMqbSws3die'),
       ('Yana', 'Pivovarov', 'random1sdaq2@gmail.com', '+380971236050', '20.03.1994',
        'lm7vuxj9PYktix+xnLhQarMqbSws3die'),
       ('Anastasia', 'Kirichenko', 'random1ww@gmail.com', '+380977239050', '20.03.1994',
        'lm7vuxj9PYktix+xnLhQarMqbSws3die'),
       ('Karina', 'Random', 'emails12@gmail.com', '+380971239080', '20.03.1994', 'lm7vuxj9PYktix+xnLhQarMqbSws3die'),
       ('Anastasia', 'Liach', 'emails12z@gmail.com', '+380971279050', '20.03.1994', 'lm7vuxj9PYktix+xnLhQarMqbSws3die'),
       ('Tatiana', 'Kirsanova', 'emails12qmo@gmail.com', '+380571239050', '20.03.1994',
        'lm7vuxj9PYktix+xnLhQarMqbSws3die'),
       ('Yulia', 'Levchenko', 'emails127@gmail.com', '+380971249050', '20.03.1994', 'lm7vuxj9PYktix+xnLhQarMqbSws3die'),
       ('Anastasia', 'Romanova', 'emails12fr@gmail.com', '+380371239050', '20.03.1994',
        'lm7vuxj9PYktix+xnLhQarMqbSws3die'),
       ('Karina', 'Karpenko', 'bestis@gmail.com', '+380971239029', '20.03.1994', 'lm7vuxj9PYktix+xnLhQarMqbSws3die'),
       ('Anastasia', 'Semenova', 'bestis1@gmail.com', '+380971139050', '20.03.1994',
        'lm7vuxj9PYktix+xnLhQarMqbSws3die'),
       ('Yulia', 'Lavamaris', 'bestis23@gmail.com', '+380971230050', '20.03.1994', 'lm7vuxj9PYktix+xnLhQarMqbSws3die');

INSERT INTO roles (id, role)
VALUES (1, 'ADMINISTRATOR'),
       (2, 'CLIENT'),
       (3, 'HAIRDRESSER');

INSERT INTO user_roles (user_id, role_id)
VALUES (1, 1),
       (1, 2),
       (2, 3),
       (2, 2),
       (3, 2),
       (4, 3),
       (5, 3),
       (6, 3),
       (7, 3),
       (8, 3),
       (9, 3),
       (10, 3),
       (11, 3),
       (12, 2),
       (13, 2),
       (14, 2),
       (15, 2),
       (16, 2),
       (17, 2),
       (18, 2),
       (19, 2),
       (20, 2),
       (21, 2),
       (5, 2);

INSERT INTO service_categories(name)
VALUES ('Men''s'),
       ('Women''s'),
       ('Others');

INSERT INTO service_category_translation (service_category_id, language_code, translated_name)
VALUES (1, 'ua', 'Чоловічі'),
       (1, 'de', 'Herren'),
       (2, 'ua', 'Жіночі'),
       (2, 'de', 'Damen'),
       (3, 'ua', 'Інші'),
       (3, 'de', 'Andere');

INSERT INTO base_services (category_id, service, price)
VALUES (1, 'men''s haircut 1st group', 180),
       (1, 'men''s haircut 2nd group', 200),
       (1, 'men''s haircut 3rd group', 220),
       (2, 'women''s haircut 1st group', 250),
       (2, 'women''s haircut 2nd group', 300),
       (2, 'women''s haircut 3rd group', 350),
       (3, 'head washing', 25),
       (3, 'coloring', 400),
       (3, 'highlighting', 120),
       (3, 'alignment (straightening)', 60),
       (3, 'styling', 50),
       (3, 'lamination', 100),
       (3, 'wave', 50),
       (3, 'hair treatment', 100);

INSERT INTO base_service_translation (base_service_id, language_code, translated_service)
VALUES (1, 'ua', 'чоловіча стрижка 1 групи'),
       (2, 'ua', 'чоловіча стрижка 2 групи'),
       (3, 'ua', 'чоловіча стрижка 3 групи'),
       (4, 'ua', 'жіноча стрижка 1 групи'),
       (5, 'ua', 'жіноча стрижка 2 групи'),
       (6, 'ua', 'жіноча стрижка 3 групи'),
       (7, 'ua', 'миття голови'),
       (8, 'ua', 'фарбування'),
       (9, 'ua', 'мелірування'),
       (10, 'ua', 'вирівнювання (випрямлення)'),
       (11, 'ua', 'укладання'),
       (12, 'ua', 'ламінування'),
       (13, 'ua', 'завивка'),
       (14, 'ua', 'лікування волосся');

INSERT INTO base_service_translation (base_service_id, language_code, translated_service)
VALUES (1, 'de', 'Herrenhaarschnitt 1. Gruppe'),
       (2, 'de', 'Herrenhaarschnitt 2. Gruppe'),
       (3, 'de', 'Herrenhaarschnitt 3. Gruppe'),
       (4, 'de', 'Damenhaarschnitt 1. Gruppe'),
       (5, 'de', 'Damenhaarschnitt 2. Gruppe'),
       (6, 'de', 'Damenhaarschnitt 3. Gruppe'),
       (7, 'de', 'Haarwäsche'),
       (8, 'de', 'Färben'),
       (9, 'de', 'Strähnen'),
       (10, 'de', 'Alignment (Glättung)'),
       (11, 'de', 'Styling'),
       (12, 'de', 'Laminierung'),
       (13, 'de', 'Welle'),
       (14, 'de', 'Haarbehandlung');

INSERT INTO user_level (id, level, about, active)
VALUES (2, 'TOP', 'hairdresser-modeler, colorist, bio-perm specialist', true),
       (4, 'YOUNG',
        'hairdresser-fashion designer, designer of hairstyles, men''s and children''s haircuts, eyebrow artist', true),
       (5, 'PRO',
        'hairdresser-fashion designer, designer of hairstyles, men''s and children''s haircuts, eyebrow artist', true),
       (6, 'TOP',
        'hairdresser-fashion designer, designer of hairstyles, men''s and children''s haircuts, eyebrow artist', true),
       (7, 'YOUNG', 'hairdresser-modeler, colorist, bio-perm specialist', true),
       (8, 'TOP',
        'hairdresser-fashion designer, designer of hairstyles, men''s and children''s haircuts, eyebrow artist', true),
       (9, 'TOP',
        'hairdresser-fashion designer, designer of hairstyles, men''s and children''s haircuts, eyebrow artist', true),
       (10, 'YOUNG', 'hairdresser-modeler, colorist, bio-perm specialist', true),
       (11, 'PRO', 'hairdresser-modeler, colorist', true);

INSERT INTO user_level_translation (user_level_id, language_code, about)
VALUES (2, 'ua', 'перукар-модельєр, колорист, спеціаліст біозавивки'),
       (4, 'ua', 'перукар-модельєр, дизайнер зачісок, чоловічих та дитячих стрижок, бровіст'),
       (5, 'ua', 'перукар-модельєр, дизайнер зачісок, чоловічих та дитячих стрижок, бровіст'),
       (6, 'ua', 'перукар-модельєр, дизайнер зачісок, чоловічих та дитячих стрижок, бровіст'),
       (7, 'ua', 'перукар-модельєр, колорист, спеціаліст біозавивки'),
       (8, 'ua', 'перукар-модельєр, дизайнер зачісок, чоловічих та дитячих стрижок, бровіст'),
       (9, 'ua', 'перукар-модельєр, дизайнер зачісок, чоловічих та дитячих стрижок, бровіст'),
       (10, 'ua', 'перукар-модельєр, колорист, спеціаліст біозавивки'),
       (11, 'ua', 'перукар-модельєр, колорист');

INSERT INTO user_level_translation (user_level_id, language_code, about)
VALUES (2, 'en', 'hairdresser-modeler, colorist, bio-perm specialist'),
       (4, 'en',
        'hairdresser-fashion designer, designer of hairstyles, men''s and children''s haircuts, eyebrow artist'),
       (5, 'en',
        'hairdresser-fashion designer, designer of hairstyles, men''s and children''s haircuts, eyebrow artist'),
       (6, 'en',
        'hairdresser-fashion designer, designer of hairstyles, men''s and children''s haircuts, eyebrow artist'),
       (7, 'en', 'hairdresser-modeler, colorist, bio-perm specialist'),
       (8, 'en',
        'hairdresser-fashion designer, designer of hairstyles, men''s and children''s haircuts, eyebrow artist'),
       (9, 'en',
        'hairdresser-fashion designer, designer of hairstyles, men''s and children''s haircuts, eyebrow artist'),
       (10, 'en', 'hairdresser-modeler, colorist, bio-perm specialist'),
       (11, 'en', 'hairdresser-modeler, colorist');

INSERT INTO master_services (master_id, base_service_id, continuance)
VALUES (2, 1, 20),
       (2, 2, 25),
       (2, 3, 30),
       (2, 4, 30),
       (2, 5, 35),
       (2, 6, 40),
       (2, 7, 5),
       (2, 8, 120),
       (2, 9, 30),
       (2, 10, 30),
       (2, 11, 30),
       (2, 12, 20),
       (2, 13, 10),
       (2, 14, 60),
       (4, 1, 20),
       (4, 2, 25),
       (4, 3, 30),
       (4, 4, 30),
       (4, 5, 35),
       (4, 6, 40),
       (4, 7, 5),
       (4, 8, 120),
       (4, 9, 30),
       (4, 10, 30),
       (4, 11, 30),
       (4, 12, 20),
       (4, 13, 10),
       (5, 1, 60),
       (5, 2, 30),
       (5, 3, 30),
       (6, 4, 20),
       (6, 5, 10),
       (6, 6, 60);

INSERT INTO appointments (master_id, client_id, continuance, date, price, discount, status, payment_status)
VALUES (2, 12, 180, '1.11.2022 18:00:00', '650', '-1', 'SUCCESS', 'PAID_IN_SALON'),
       (2, 13, 180, '1.11.2022 12:00:00', '650', '-1', 'SUCCESS', 'PAID_IN_SALON'),
       (2, 14, 180, '1.11.2022 16:00:00', '650', '-1', 'SUCCESS', 'PAID_IN_SALON'),
       (2, 15, 180, '2.11.2022 8:00:00', '650', '-1', 'SUCCESS', 'PAID_IN_SALON'),
       (2, 16, 180, '2.11.2022 12:00:00', '650', '-1', 'SUCCESS', 'PAID_IN_SALON'),
       (2, 17, 180, '2.11.2022 16:00:00', '650', '-1', 'SUCCESS', 'PAID_IN_SALON'),
       (2, 18, 180, '5.11.2022 8:00:00', '650', '-1', 'SUCCESS', 'PAID_IN_SALON'),
       (2, 12, 180, '5.11.2022 12:00:00', '650', '-1', 'SUCCESS', 'PAID_IN_SALON'),
       (2, 13, 180, '5.11.2022 16:00:00', '650', '-1', 'SUCCESS', 'PAID_IN_SALON'),
       (4, 19, 180, '1.11.2022 8:00:00', '650', '-1', 'SUCCESS', 'PAID_IN_SALON'),
       (4, 20, 180, '1.11.2022 12:00:00', '650', '-1', 'SUCCESS', 'PAID_IN_SALON'),
       (4, 21, 180, '1.11.2022 16:00:00', '650', '-1', 'SUCCESS', 'PAID_IN_SALON'),
       (4, 12, 180, '4.11.2022 8:00:00', '650', '-1', 'SUCCESS', 'PAID_IN_SALON'),
       (4, 13, 180, '4.11.2022 12:00:00', '650', '-1', 'SUCCESS', 'PAID_IN_SALON'),
       (4, 14, 180, '4.11.2022 16:00:00', '650', '-1', 'SUCCESS', 'PAID_IN_SALON'),
       (4, 15, 180, '5.11.2022 8:00:00', '650', '-1', 'SUCCESS', 'PAID_IN_SALON'),
       (4, 16, 180, '5.11.2022 12:00:00', '650', '-1', 'SUCCESS', 'PAID_IN_SALON'),
       (4, 17, 180, '5.11.2022 16:00:00', '650', '-1', 'SUCCESS', 'PAID_IN_SALON');

INSERT INTO appointment_items (appointment_id, master_service_id)
VALUES (1, 4),
       (1, 8),
       (2, 8),
       (3, 8),
       (4, 8),
       (5, 8),
       (6, 8),
       (7, 8),
       (8, 8),
       (9, 8),
       (10, 8),
       (11, 8),
       (12, 8),
       (13, 8),
       (14, 8),
       (15, 8),
       (16, 8),
       (17, 8),
       (18, 8),
       (2, 5),
       (3, 5),
       (6, 5),
       (11, 5),
       (10, 5);
INSERT INTO feedbacks (appointment_id, mark, comment, date)
VALUES (1, 5, 'Super, Awesome coloring', '14.11.2022 18:38:00'),
       (2, 5, 'Super, Awesome coloring', '14.11.2022 18:38:00'),
       (3, 4, 'Super, Awesome coloring', '14.11.2022 18:38:00'),
       (4, 5, 'Super, Awesome coloring', '14.11.2022 18:38:00'),
       (5, 4, 'Super, Awesome coloring', '14.11.2022 18:38:00'),
       (6, 5, 'Super, Awesome coloring', '14.11.2022 18:38:00'),
       (7, 4, 'Super, Awesome coloring', '14.11.2022 18:38:00'),
       (8, 5, 'Super, Awesome coloring', '14.11.2022 18:38:00'),
       (9, 4, 'Super, Awesome coloring', '14.11.2022 18:38:00'),
       (10, 4, 'Super, Awesome coloring', '14.11.2022 18:38:00'),
       (11, 3, 'Super, Awesome coloring', '14.11.2022 18:38:00'),
       (12, 4, 'Super, Awesome coloring', '14.11.2022 18:38:00'),
       (13, 5, 'Super, Awesome coloring', '14.11.2022 18:38:00'),
       (14, 4, 'Super, Awesome coloring', '14.11.2022 18:38:00'),
       (15, 5, 'Super, Awesome coloring', '14.11.2022 18:38:00'),
       (16, 5, 'Super, Awesome coloring', '14.11.2022 18:38:00'),
       (17, 4, 'Super, Awesome coloring', '14.11.2022 18:38:00'),
       (18, 5, 'Super, Awesome coloring', '14.11.2022 18:38:00');

INSERT INTO working_days (user_id, date, time_start, time_end)
VALUES (2, '20.01.2023', '8:00', '20:00'),
       (2, '13.01.2023', '8:00', '20:00'),
       (2, '21.01.2023', '8:00', '20:00'),
       (2, '24.01.2023', '8:00', '20:00'),
       (2, '25.01.2023', '8:00', '20:00'),
       (2, '28.01.2023', '8:00', '20:00'),
       (2, '29.01.2023', '8:00', '20:00'),
       (2, '30.01.2023', '8:00', '20:00'),
       (2, '31.01.2023', '8:00', '20:00'),
       (2, '2.02.2023', '8:00', '20:00'),
       (2, '3.02.2023', '8:00', '20:00'),
       (2, '5.02.2023', '8:00', '20:00'),
       (2, '6.02.2023', '8:00', '20:00'),
       (2, '9.02.2023', '8:00', '20:00'),
       (2, '10.02.2023', '8:00', '20:00'),
       (2, '12.02.2023', '8:00', '20:00');